name,country,category,language,status,code,latencyMs,httpStatus,urlHost,urlHash,checkedAt
"7plus Sport","AU","Public Sports","English","ok","OK","948","200","7plus.com.au","37b220772ea5056f","2026-09-30T07:51:38.128Z"
"A Bola","PT","Public Sports","Portuguese","ok","OK","736","200","www.abola.pt","6c57b6faedceb6ad","2026-09-30T07:51:32.682Z"
"ABC Sport","AU","Public Sports","English","ok","OK","944","200","www.abc.net.au","f6f4d8cb6a4ad20e","2026-09-30T07:51:36.302Z"
"ABEMA","JP","World Cup 2026","Japanese","ok","OK","659","200","abema.tv","8b03f50fb884fe1f","2026-09-30T07:50:54.149Z"
"ABEMA Sports","JP","Public Sports","Japanese","ok","OK","1082","200","abema.tv","8b03f50fb884fe1f","2026-09-30T07:51:38.131Z"
"Abu Dhabi Sports","AE","World Cup 2026","Arabic","ok","OK","1581","200","adsports.ae","9bdae847ee5caea7","2026-09-30T07:50:23.335Z"
"ADN Deportes","CL","Public Sports","Spanish","ok","OK","583","200","www.adnradio.cl","9ee570196edf6b73","2026-09-30T07:51:44.085Z"
"Al Kass","QA","World Cup 2026","Arabic","ok","OK","1853","200","www.alkass.net","2d46a1776b244e16","2026-09-30T07:51:01.621Z"
"Al Kass Sports","QA","Public Sports","Arabic","ok","OK","151","200","www.alkass.net","2d46a1776b244e16","2026-09-30T07:51:46.743Z"
"América Televisión","PE","World Cup 2026","Spanish","ok","OK","825","200","www.americatv.com.pe","2f61182d7ac999c4","2026-09-30T07:50:58.606Z"
"ARD / Das Erste","DE","World Cup 2026","German","ok","OK","2279","200","www.daserste.de","e5c799e5f688fead","2026-09-30T07:50:35.670Z"
"Arriyadiyah","SA","Public Sports","Arabic","ok","OK","413","200","www.arriyadiyah.com","a5eb726cfe6823de","2026-09-30T07:51:46.744Z"
"Astro Arena","MY","Public Sports","Malay","ok","OK","345","200","www.astro.com.my","ddb2d275b54a0b8e","2026-09-30T07:51:48.124Z"
"BBC","GB","World Cup 2026","English","ok","OK","294","200","www.bbc.co.uk","e84b53d2d4fd2f0d","2026-09-30T07:50:40.140Z"
"BBC iPlayer","GB","World Cup 2026","English","ok","OK","765","200","www.bbc.co.uk","7303f92e052d81de","2026-09-30T07:50:40.142Z"
"BBC Sport","GB","Public Sports","English","ok","OK","142","200","www.bbc.co.uk","35dc55f47c8aaa87","2026-09-30T07:51:21.750Z"
"beIN SPORTS France","FR","World Cup 2026","French","ok","OK","2011","200","www.beinsports.com","6199011f27a414f1","2026-09-30T07:50:37.953Z"
"BILD Sport","DE","Public Sports","German","ok","OK","449","200","sportbild.bild.de","d2d1b319c351294a","2026-09-30T07:51:30.788Z"
"Bleacher Report","US","Public Sports","English","ok","OK","1418","200","bleacherreport.com","0ec6ce6edf4cdbb4","2026-09-30T07:51:18.255Z"
"BNT","BG","World Cup 2026","Bulgarian","ok","OK","1927","200","bnt.bg","3a93aed7fbd83544","2026-09-30T07:50:25.837Z"
"Caracol TV","CO","World Cup 2026","Spanish","ok","OK","266","200","www.caracoltv.com","7ee3f3b8ee8d8756","2026-09-30T07:50:35.667Z"
"CBC Sports","CA","Public Sports","English","ok","OK","495","200","www.cbc.ca","d7959c9d370624a2","2026-09-30T07:51:20.143Z"
"CBS Sports","US","Public Sports","English","ok","OK","1758","200","www.cbssports.com","b2c475bd03d78c1c","2026-09-30T07:51:18.254Z"
"CCTV","CN","World Cup 2026","Chinese","ok","OK","1958","200","sports.cctv.com","648e3b9271f711c4","2026-09-30T07:50:32.843Z"
"CCTV Sports","CN","Public Sports","Chinese","ok","OK","410","200","sports.cctv.com","648e3b9271f711c4","2026-09-30T07:51:46.745Z"
"Channel 4 Sport","GB","Public Sports","English","ok","OK","789","200","www.channel4.com","3bc05b5ef333cc60","2026-09-30T07:51:21.752Z"
"Chilevisión","CL","World Cup 2026","Spanish","ok","OK","1737","200","www.chilevision.cl","6185decaaed49beb","2026-09-30T07:50:32.842Z"
"CNA Sport","SG","Public Sports","English","ok","OK","496","200","www.channelnewsasia.com","dacb53a5e490f536","2026-09-30T07:51:48.123Z"
"ČT","CZ","World Cup 2026","Czech","ok","OK","1055","200","www.ceskatelevize.cz","0a549290da67eefe","2026-09-30T07:50:35.669Z"
"CTV","CA","World Cup 2026","English","ok","OK","1237","200","www.ctv.ca","6ca42fdebecafbb9","2026-09-30T07:50:25.839Z"
"DD Sports","IN","Public Sports","Hindi","ok","OK","1893","200","prasarbharati.gov.in","99ad940f7c250310","2026-09-30T07:51:40.146Z"
"detikSport","ID","Public Sports","Indonesian","ok","OK","1609","200","sport.detik.com","5d3b52708edd8837","2026-09-30T07:51:48.126Z"
"DR","DK","World Cup 2026","Danish","ok","OK","1289","200","www.dr.dk","107f7d081df8ff9b","2026-09-30T07:50:35.671Z"
"DR Sporten","DK","Public Sports","Danish","ok","OK","623","200","www.dr.dk","a3c33d5736869e17","2026-09-30T07:51:45.351Z"
"Dubai Sports","AE","World Cup 2026","Arabic","ok","OK","1343","200","www.dubaisports.ae","e25b3d134d62174d","2026-09-30T07:50:23.367Z"
"Emtek / SCTV","ID","World Cup 2026","Indonesian","ok","OK","1789","200","www.sctv.co.id","bc94e13f5d610b43","2026-09-30T07:50:47.143Z"
"ENTV","DZ","World Cup 2026","Arabic","ok","OK","2190","200","www.entv.dz","463913317b9c43fe","2026-09-30T07:50:37.949Z"
"ERT","GR","World Cup 2026","Greek","ok","OK","1020","200","www.ert.gr","fc69e05a2e902978","2026-09-30T07:50:40.142Z"
"ESPN","US","Public Sports","English","ok","OK","221","202","www.espn.com","de94e4ace69de6fc","2026-09-30T07:51:18.253Z"
"ESPN Argentina","AR","Public Sports","Spanish","ok","OK","315","202","www.espn.com.ar","20b19f51513bc7bc","2026-09-30T07:51:44.085Z"
"ESPN Brasil","BR","Public Sports","Portuguese","ok","OK","547","202","www.espn.com.br","b8cceae0c73faeaf","2026-09-30T07:51:40.146Z"
"ESPN Netherlands","NL","Public Sports","Dutch","ok","OK","232","202","www.espn.nl","28e116c755c4ef51","2026-09-30T07:51:36.298Z"
"FOX","US","World Cup 2026","English","ok","OK","1408","200","www.foxsports.com","393c63452e4fc775","2026-09-30T07:51:08.626Z"
"FOX Sports","US","Public Sports","English","ok","OK","177","200","www.foxsports.com","393c63452e4fc775","2026-09-30T07:51:18.253Z"
"FOX Sports Australia","AU","Public Sports","English","ok","OK","2014","200","www.foxsports.com.au","447a5c9ce9c7c15a","2026-09-30T07:51:38.129Z"
"France TV Sport","FR","Public Sports","French","ok","OK","976","200","www.france.tv","2b08801ae2dd06a2","2026-09-30T07:51:28.752Z"
"FS1","US","World Cup 2026","English","ok","OK","1408","200","www.foxsports.com","393c63452e4fc775","2026-09-30T07:51:08.626Z"
"ge.globo","BR","Public Sports","Portuguese","ok","OK","1599","200","ge.globo.com","3de944ab83654dc5","2026-09-30T07:51:40.147Z"
"GMA Sports","PH","Public Sports","English","ok","OK","707","200","www.gmanetwork.com","f798e526bdac8d69","2026-09-30T07:51:50.011Z"
"HRT","HR","World Cup 2026","Croatian","ok","OK","1441","200","www.hrt.hr","0af3b6f1ce0faed0","2026-09-30T07:50:40.143Z"
"J SPORTS","JP","Public Sports","Japanese","ok","OK","1201","200","www.jsports.co.jp","b02191cbed81d576","2026-09-30T07:51:38.131Z"
"JioCinema","IN","World Cup 2026","English / Hindi / Regional","ok","OK","1738","200","www.jiocinema.com","6b2d54aae2af0f23","2026-09-30T07:50:47.146Z"
"JioCinema Sports","IN","Public Sports","English","ok","OK","1069","200","www.jiocinema.com","6b2d54aae2af0f23","2026-09-30T07:51:40.146Z"
"KAN","IL","World Cup 2026","Hebrew","ok","OK","697","200","www.kan.org.il","9b1179f79d8a3c03","2026-09-30T07:50:47.144Z"
"KBS Sports","KR","Public Sports","Korean","ok","OK","1280","200","sports.kbs.co.kr","e9f119f97fafc73f","2026-09-30T07:51:40.144Z"
"KBS World","KR","World Cup 2026","English","ok","OK","1719","200","kbsworld.kbs.co.kr","c9480f347a4177fd","2026-09-30T07:50:54.150Z"
"La Gazzetta dello Sport","IT","Public Sports","Italian","ok","OK","582","200","www.gazzetta.it","1fba8d6c173e7761","2026-09-30T07:51:32.679Z"
"MARCA","ES","Public Sports","Spanish","ok","OK","96","200","www.marca.com","050bdbdf23061651","2026-09-30T07:51:30.789Z"
"MARCA Mexico","MX","Public Sports","Spanish","ok","OK","269","200","www.marca.com","684b56a0320f437b","2026-09-30T07:51:21.749Z"
"Mediotiempo","MX","Public Sports","Spanish","ok","OK","227","200","www.mediotiempo.com","c0fb83987f272408","2026-09-30T07:51:21.750Z"
"meWATCH","SG","World Cup 2026","English","ok","OK","906","200","www.mewatch.sg","ff2a5337de15902e","2026-09-30T07:51:08.622Z"
"meWATCH Sport","SG","Public Sports","English","ok","OK","914","200","www.mewatch.sg","ff2a5337de15902e","2026-09-30T07:51:48.124Z"
"MLB","US","Public Sports","English","ok","OK","459","200","www.mlb.com","d2b0971dda979c25","2026-09-30T07:51:18.255Z"
"Movistar Plus Deportes","ES","Public Sports","Spanish","ok","OK","1538","200","www.movistarplus.es","c7187f4671a0880c","2026-09-30T07:51:30.790Z"
"Movistar Plus+","ES","World Cup 2026","Spanish","ok","OK","1955","200","www.movistarplus.es","5e53005b4fe1538a","2026-09-30T07:50:37.952Z"
"MTV Urheilu","FI","Public Sports","Finnish","ok","OK","1128","200","www.mtvuutiset.fi","47dd8c664b3cb5d9","2026-09-30T07:51:45.353Z"
"NBA","US","Public Sports","English","ok","OK","1609","200","www.nba.com","e78466be5cd0d44f","2026-09-30T07:51:20.140Z"
"NBC Sports","US","Public Sports","English","ok","OK","333","200","www.nbcsports.com","0a34bde83134c7e6","2026-09-30T07:51:18.254Z"
"NCAA","US","Public Sports","English","ok","OK","378","200","www.ncaa.com","06ab4aec292005ff","2026-09-30T07:51:20.143Z"
"NFL","US","Public Sports","English","ok","OK","140","200","www.nfl.com","78e56cef78a49a57","2026-09-30T07:51:20.141Z"
"NHK","JP","World Cup 2026","Japanese","ok","OK","811","200","www.nhk.or.jp","adc65523245bb144","2026-09-30T07:50:54.149Z"
"NHK Sports","JP","Public Sports","Japanese","ok","OK","1822","200","www3.nhk.or.jp","30281d880d228ec1","2026-09-30T07:51:38.130Z"
"NHL","US","Public Sports","English","ok","OK","340","200","www.nhl.com","c80cd1c30ee43ca8","2026-09-30T07:51:20.142Z"
"NOS Sport","NL","Public Sports","Dutch","ok","OK","780","200","nos.nl","76e60b33f8bc9d02","2026-09-30T07:51:32.684Z"
"Now Sports","HK","Public Sports","Chinese","ok","OK","579","200","sports.now.com","cf60833bb573ecb7","2026-09-30T07:51:48.122Z"
"NPO","NL","World Cup 2026","Dutch","ok","OK","1519","200","www.npostart.nl","fa20a0062a6c51f6","2026-09-30T07:50:55.873Z"
"NRK","NO","World Cup 2026","Norwegian","ok","OK","1113","200","www.nrk.no","b1f4c3ded19f684f","2026-09-30T07:50:55.874Z"
"NRK Sport","NO","Public Sports","Norwegian","ok","OK","538","200","www.nrk.no","164cb2e4919f9875","2026-09-30T07:51:45.349Z"
"NTV Spor","TR","Public Sports","Turkish","ok","OK","285","200","www.ntvspor.net","333a3f8336b569f3","2026-09-30T07:51:46.743Z"
"Ole","AR","Public Sports","Spanish","ok","OK","331","200","www.ole.com.ar","3030470586783cf4","2026-09-30T07:51:44.084Z"
"ON Time Sports","EG","World Cup 2026","Arabic","ok","OK","1643","200","www.ontimesports.com","4269a224861c6ec0","2026-09-30T07:50:37.951Z"
"One Sports","PH","Public Sports","English","ok","OK","1054","200","www.onesports.ph","f094fc7d43e90a03","2026-09-30T07:51:50.012Z"
"ORF","AT","World Cup 2026","German","ok","OK","2464","200","tvthek.orf.at","60e34a83de1b76cd","2026-09-30T07:50:23.371Z"
"ORF Sport","AT","Public Sports","German","ok","OK","1690","200","sport.orf.at","f36c157a0cdd8b64","2026-09-30T07:51:36.301Z"
"Peacock","US","World Cup 2026","Spanish","ok","OK","271","200","www.peacocktv.com","336809d61421dabb","2026-09-30T07:51:11.249Z"
"PGA Tour","US","Public Sports","English","ok","OK","179","200","www.pgatour.com","4b01fecb7ec72c69","2026-09-30T07:51:20.142Z"
"Polsat Sport","PL","Public Sports","Polish","ok","OK","1139","200","www.polsatsport.pl","1c158b41c5cca4f4","2026-09-30T07:51:45.354Z"
"RAI","IT","World Cup 2026","Italian","ok","OK","1656","200","www.raiplay.it","32cad46ab427aede","2026-09-30T07:50:47.147Z"
"Rai Sport","IT","Public Sports","Italian","ok","OK","1887","200","www.raisport.rai.it","a1cf79d25e411632","2026-09-30T07:51:30.792Z"
"ran","DE","Public Sports","German","ok","OK","2033","200","www.ran.de","c491fadca6aaa3e9","2026-09-30T07:51:28.755Z"
"RCN Deportes","CO","Public Sports","Spanish","ok","OK","524","200","www.noticiasrcn.com","67045345857466eb","2026-09-30T07:51:44.087Z"
"RDS","CA","Public Sports","French","ok","OK","462","200","www.rds.ca","959b4eaee74a4966","2026-09-30T07:51:20.143Z"
"Record","PT","Public Sports","Portuguese","ok","OK","1261","200","www.record.pt","1e974e3972ecbdaa","2026-09-30T07:51:32.682Z"
"Red Bull TV","GLOBAL","Public Sports","English","ok","OK","1373","200","www.redbull.com","46b113766e41c056","2026-09-30T07:51:18.251Z"
"RMC Sport","FR","Public Sports","French","ok","OK","332","200","rmcsport.bfmtv.com","8f2c352f8039182b","2026-09-30T07:51:28.754Z"
"RTBF","BE","World Cup 2026","French","ok","OK","1330","200","www.rtbf.be","7610f5fd23831c40","2026-09-30T07:50:25.835Z"
"RTBF Sport","BE","Public Sports","French","ok","OK","1489","200","www.rtbf.be","6b39a6a0c4384fc3","2026-09-30T07:51:36.299Z"
"RTÉ","IE","World Cup 2026","English","ok","OK","631","200","www.rte.ie","80b6ca0e8d7c6b21","2026-09-30T07:50:47.144Z"
"RTE Sport","IE","Public Sports","English","ok","OK","448","200","www.rte.ie","e15a5e9842a66e93","2026-09-30T07:51:21.753Z"
"RTHK Sport","HK","Public Sports","Chinese","ok","OK","1887","200","www.rthk.hk","edb70874a1741152","2026-09-30T07:51:48.123Z"
"RTP","PT","World Cup 2026","Portuguese","ok","OK","1742","200","www.rtp.pt","eaa997376a92772b","2026-09-30T07:50:58.607Z"
"RTS","CH","World Cup 2026","French","ok","OK","438","200","www.rts.ch","b14847fe6fd10ea5","2026-09-30T07:50:32.842Z"
"RTS Sport","CH","Public Sports","French","ok","OK","933","200","www.rts.ch","beec1ac5baea5620","2026-09-30T07:51:36.300Z"
"RTVE","ES","World Cup 2026","Spanish","ok","OK","921","200","www.rtve.es","5287f926d0a26b0f","2026-09-30T07:50:37.951Z"
"RTVE Deportes","ES","Public Sports","Spanish","ok","OK","62","200","www.rtve.es","f251a88c1ac1893a","2026-09-30T07:51:30.789Z"
"SBS","AU","World Cup 2026","English","ok","OK","1856","200","www.sbs.com.au","f2f5994508aff262","2026-09-30T07:50:23.372Z"
"SBS Sport","AU","Public Sports","English","ok","OK","1142","200","www.sbs.com.au","d96b3bdce0a5c40d","2026-09-30T07:51:36.303Z"
"ServusTV Sport","AT","Public Sports","German","ok","OK","1827","200","www.servustv.com","94c00373f3a51072","2026-09-30T07:51:36.301Z"
"Sina Sports","CN","Public Sports","Chinese","ok","OK","1377","200","sports.sina.com.cn","93dde2bb55e49653","2026-09-30T07:51:46.745Z"
"Sky Sport Italia","IT","World Cup 2026","Italian","ok","OK","2282","200","sport.sky.it","456e0aa864ea78f0","2026-09-30T07:50:47.148Z"
"Sky Sport NZ","NZ","World Cup 2026","English","ok","OK","544","200","www.skysportnow.co.nz","39146f71a573feb1","2026-09-30T07:50:58.605Z"
"Sky Sports","GB","Public Sports","English","ok","OK","335","200","www.skysports.com","160143b224de47bb","2026-09-30T07:51:21.751Z"
"Sport TV","PT","World Cup 2026","Portuguese","ok","OK","2035","200","www.sporttv.pt","3066cff585ffd957","2026-09-30T07:50:58.608Z"
"Sport TV Portugal","PT","Public Sports","Portuguese","ok","OK","1012","200","www.sporttv.pt","3066cff585ffd957","2026-09-30T07:51:32.683Z"
"SPORT1","DE","Public Sports","German","ok","OK","1184","200","www.sport1.de","0b972b1c74fd3c2d","2026-09-30T07:51:28.755Z"
"SportMediaset","IT","Public Sports","Italian","ok","OK","1445","200","www.sportmediaset.mediaset.it","2299ab2275fcb98b","2026-09-30T07:51:30.792Z"
"Sports18","IN","World Cup 2026","English","ok","OK","2073","200","www.sports18.com","c1ef45d0c501b757","2026-09-30T07:50:47.145Z"
"Sportschau","DE","World Cup 2026","German","ok","OK","1461","200","www.sportschau.de","acde9b7d31b45ffa","2026-09-30T07:50:35.671Z"
"Sportsnet","CA","World Cup 2026","English","ok","OK","422","200","www.sportsnet.ca","af20adb8b515dd5d","2026-09-30T07:50:32.839Z"
"Sporza","BE","World Cup 2026","Dutch","ok","OK","1046","200","sporza.be","ec1e8ad4f7817fb8","2026-09-30T07:50:25.836Z"
"SPOTV NOW Korea","KR","Public Sports","Korean","ok","OK","1350","200","www.spotvnow.co.kr","e997c98f1d75e223","2026-09-30T07:51:38.132Z"
"SRF","CH","World Cup 2026","German","ok","OK","603","200","www.srf.ch","2e3333e3454a9a6a","2026-09-30T07:50:32.841Z"
"SRF Sport","CH","Public Sports","German","ok","OK","885","200","www.srf.ch","d60f4084b227ca9e","2026-09-30T07:51:36.300Z"
"Stadium Astro","MY","Public Sports","Malay","ok","OK","499","200","www.stadiumastro.com","ab5ba9ecd5c476a1","2026-09-30T07:51:48.125Z"
"SuperSport","NG","World Cup 2026","English","ok","OK","886","200","supersport.com","f79a15dc90e890bf","2026-09-30T07:50:55.872Z"
"SVT","SE","World Cup 2026","Swedish","ok","OK","2242","200","www.svt.se","3ead9f041d81c7d5","2026-09-30T07:51:01.625Z"
"SVT Sport","SE","Public Sports","Swedish","ok","OK","1227","200","www.svt.se","9d0c6dc679408dc6","2026-09-30T07:51:44.087Z"
"TapGO / Tap Sports","PH","World Cup 2026","English","ok","OK","665","200","www.tapgo.tv","5d44106fc9f63ecc","2026-09-30T07:50:58.606Z"
"Telemundo","US","World Cup 2026","Spanish","ok","OK","216","200","www.telemundo.com","87bf509f37ae539a","2026-09-30T07:51:11.248Z"
"Teletica","CR","World Cup 2026","Spanish","ok","OK","220","200","www.teletica.com","1ee3ea3b6040846c","2026-09-30T07:50:35.669Z"
"Televisa","MX","World Cup 2026","Spanish","ok","OK","738","200","www.televisa.com","3fa651d2f5e29628","2026-09-30T07:50:54.152Z"
"Tencent Sports","CN","Public Sports","Chinese","ok","OK","970","200","sports.qq.com","306bbccaa9a23c3d","2026-09-30T07:51:46.745Z"
"TF1","FR","World Cup 2026","French","ok","OK","1348","200","www.tf1.fr","f64efec7a2df3b6d","2026-09-30T07:50:37.953Z"
"TRT","TR","World Cup 2026","Turkish","ok","OK","1494","200","www.trt.com.tr","a3e579dc2e0e1359","2026-09-30T07:51:08.625Z"
"TrueID Sports","TH","Public Sports","Thai","ok","OK","582","200","sport.trueid.net","105e5d841d51015c","2026-09-30T07:51:50.010Z"
"TSN","CA","World Cup 2026","English","ok","OK","1184","200","www.tsn.ca","6f5a14d25f012c41","2026-09-30T07:50:25.840Z"
"Tubi Sports","US","Public Sports","English","ok","OK","1888","200","tubitv.com","5abd5d762137e414","2026-09-30T07:51:18.252Z"
"TUDN","MX","World Cup 2026","Spanish","ok","OK","647","200","www.tudn.com","3be3f64246367037","2026-09-30T07:50:54.152Z"
"TV 2 Norway","NO","World Cup 2026","Norwegian","ok","OK","978","200","www.tv2.no","42b9cfc01dc10b49","2026-09-30T07:50:58.604Z"
"TV 2 Sport Denmark","DK","Public Sports","Danish","ok","OK","900","200","sport.tv2.dk","be80c8755f1086f0","2026-09-30T07:51:45.352Z"
"TV 2 Sport Norway","NO","Public Sports","Norwegian","ok","OK","1087","200","www.tv2.no","b6a0c51d872992cd","2026-09-30T07:51:45.350Z"
"TV Azteca","MX","World Cup 2026","Spanish","ok","OK","330","200","www.tvazteca.com","1bb11ef3e26e1950","2026-09-30T07:50:55.869Z"
"TV Azteca Deportes","MX","Public Sports","Spanish","ok","OK","393","200","www.tvazteca.com","1bb11ef3e26e1950","2026-09-30T07:51:20.145Z"
"TV Globo","BR","World Cup 2026","Portuguese","ok","OK","1653","200","globoplay.globo.com","189907129b78551a","2026-09-30T07:50:25.837Z"
"TV Pública","AR","World Cup 2026","Spanish","ok","OK","1142","200","www.tvpublica.com.ar","6e527913d39e51dc","2026-09-30T07:50:23.371Z"
"TV4 Sport","SE","Public Sports","Swedish","ok","OK","1261","200","www.tv4.se","a13f17a4f190f27e","2026-09-30T07:51:44.088Z"
"TVP","PL","World Cup 2026","Polish","ok","OK","1773","200","sport.tvp.pl","daef039bb511e8f7","2026-09-30T07:50:58.607Z"
"TVP Sport","PL","Public Sports","Polish","ok","OK","1389","200","sport.tvp.pl","daef039bb511e8f7","2026-09-30T07:51:45.353Z"
"TyC Sports","AR","World Cup 2026","Spanish","ok","OK","522","200","www.tycsports.com","ac614c91a228ad47","2026-09-30T07:50:23.368Z"
"Vidio Sports","ID","Public Sports","Indonesian","ok","OK","1029","200","www.vidio.com","805cbd9ea3427517","2026-09-30T07:51:48.125Z"
"Vix","MX","World Cup 2026","Spanish","ok","OK","874","200","vix.com","0e49ca2889288bed","2026-09-30T07:50:55.870Z"
"VTV","VN","World Cup 2026","Vietnamese","ok","OK","1522","200","vtv.vn","839fbf5178cb5559","2026-09-30T07:51:11.250Z"
"Wide World of Sports","AU","Public Sports","English","ok","OK","1045","200","wwos.nine.com.au","32896d4f86c87d34","2026-09-30T07:51:38.129Z"
"Xsport+","UA","World Cup 2026","Ukrainian","ok","OK","2060","200","xsport.ua","bbc280f2f2d1ef33","2026-09-30T07:51:08.625Z"
"Yle","FI","World Cup 2026","Finnish","ok","OK","917","200","yle.fi","3facb60a86cb7a19","2026-09-30T07:50:37.953Z"
"Yle Urheilu","FI","Public Sports","Finnish","ok","OK","573","200","yle.fi","6a9ff74b0a2b5869","2026-09-30T07:51:45.352Z"
"ZDF","DE","World Cup 2026","German","ok","OK","1427","200","www.zdf.de","afbf35c11e259aa2","2026-09-30T07:50:35.670Z"
"ZDF Sport","DE","Public Sports","German","ok","OK","1611","200","www.zdf.de","5a20c37ea81fd015","2026-09-30T07:51:28.755Z"
"Ziggo Sport","NL","World Cup 2026","Dutch","ok","OK","1105","200","www.ziggosport.nl","3ee62f28a568d53f","2026-09-30T07:50:55.873Z"
"Africa Magic","NG","World Cup 2026","English","warn","WARN_SLOW","2732","200","www.dstv.com","3e14244f7df02f00","2026-09-30T07:50:55.872Z"
"beIN SPORTS MENA","QA","World Cup 2026","Arabic / English","warn","WARN_SLOW","3013","200","www.beinsports.com","c454c9dfd2d12c24","2026-09-30T07:50:58.608Z"
"MTVA","HU","World Cup 2026","Hungarian","warn","WARN_SLOW","3634","200","www.mediaklikk.hu","4d86534aae8532e6","2026-09-30T07:50:40.143Z"
"RTP Desporto","PT","Public Sports","Portuguese","warn","WARN_SLOW","3618","200","www.rtp.pt","6b88463ee6bc4aa7","2026-09-30T07:51:32.680Z"
"RTS","RS","World Cup 2026","Serbian","warn","WARN_SLOW","2530","200","www.rts.rs","4c171d5536f0f254","2026-09-30T07:51:01.622Z"
"RTVS","SK","World Cup 2026","Slovak","warn","WARN_SLOW","2625","200","www.rtvs.sk","4ecee982000d5747","2026-09-30T07:51:08.623Z"
"SBS Sports Korea","KR","Public Sports","Korean","warn","WARN_SLOW","3940","200","programs.sbs.co.kr","2e0c506a181143d0","2026-09-30T07:51:40.144Z"
"AS","ES","Public Sports","Spanish","fail","FAIL_HTTP","239","403","as.com","a42d0b3d7774044e","2026-09-30T07:51:30.790Z"
"Canal 4","UY","World Cup 2026","Spanish","fail","FAIL_HTTP","2122","403","www.canal4.com.uy","498dfeb6593e134d","2026-09-30T07:51:11.250Z"
"Canal+ Sport","FR","Public Sports","French","fail","FAIL_HTTP","421","403","www.canalplus.com","a531ffb958695b00","2026-09-30T07:51:28.754Z"
"Caracol Deportes","CO","Public Sports","Spanish","fail","FAIL_HTTP","1177","404","www.caracoltv.com","26609c04f3b63497","2026-09-30T07:51:44.086Z"
"Cazé TV","BR","World Cup 2026","Portuguese","fail","FAIL_TLS","","","www.cazetv.com.br","9cda32b543abfbca","2026-09-30T07:50:25.838Z"
"DAZN Italia","IT","Public Sports","Italian","fail","FAIL_HTTP","63","403","www.dazn.com","83b1de10b3b58b2a","2026-09-30T07:51:32.680Z"
"DAZN Italy","IT","World Cup 2026","Italian","fail","FAIL_HTTP","111","403","www.dazn.com","83b1de10b3b58b2a","2026-09-30T07:50:54.148Z"
"DAZN Japan","JP","World Cup 2026","Japanese","fail","FAIL_HTTP","149","403","www.dazn.com","261c096f6d8c353c","2026-09-30T07:50:54.150Z"
"Ecuavisa","EC","World Cup 2026","Spanish","fail","FAIL_HTTP","191","403","www.ecuavisa.com","62c12fa8895f1794","2026-09-30T07:50:37.950Z"
"El Wataniya","TN","World Cup 2026","Arabic","fail","FAIL_TLS","","","www.wataniya.tn","3a8bda8a61e143a9","2026-09-30T07:51:08.624Z"
"FIFA+","GLOBAL","Public Sports","Multilingual","fail","FAIL_HTTP","1390","403","www.plus.fifa.com","703d1e199de2bac4","2026-09-30T07:51:11.252Z"
"IRIB","IR","World Cup 2026","Persian","fail","FAIL_TIMEOUT","","","www.irinn.ir","b23755dad0180dfe","2026-09-30T07:50:47.147Z"
"ITV","GB","World Cup 2026","English","fail","FAIL_TIMEOUT","","","www.itv.com","25ceaced141c073b","2026-09-30T07:50:40.141Z"
"ITV Sport","GB","Public Sports","English","fail","FAIL_TIMEOUT","","","www.itv.com","25ceaced141c073b","2026-09-30T07:51:21.751Z"
"ITVX","GB","World Cup 2026","English","fail","FAIL_TIMEOUT","","","www.itv.com","f4ccb7e24aac58ca","2026-09-30T07:50:40.142Z"
"L Equipe","FR","Public Sports","French","fail","FAIL_HTTP","273","403","www.lequipe.fr","b91663968fdcc602","2026-09-30T07:51:28.753Z"
"Match TV","RU","World Cup 2026","Russian","fail","FAIL_TIMEOUT","","","matchtv.ru","1c007049fd4e2017","2026-09-30T07:51:01.623Z"
"Migu","CN","World Cup 2026","Chinese","fail","FAIL_TLS","","","www.migu.cn","17edeeaf3bd6cffb","2026-09-30T07:50:32.843Z"
"MyCanal","FR","World Cup 2026","French","fail","FAIL_HTTP","223","403","www.canalplus.com","c025b639a9bd59bb","2026-09-30T07:50:40.140Z"
"Olympics Channel","GLOBAL","Public Sports","English","fail","FAIL_TIMEOUT","","","olympics.com","e939b17ff6530390","2026-09-30T07:51:11.252Z"
"Optus Sport","AU","World Cup 2026","English","fail","FAIL_TLS","","","sport.optus.com.au","2ea6c9c065849593","2026-09-30T07:50:23.373Z"
"RCN","CO","World Cup 2026","Spanish","fail","FAIL_HTTP","132","403","www.canalrcn.com","4f72f255ad9eb741","2026-09-30T07:50:35.668Z"
"RTM","MY","World Cup 2026","Malay","fail","FAIL_HTTP","421","403","rtmklik.rtm.gov.my","4caff5977ab3fbc4","2026-09-30T07:50:55.871Z"
"SABC","ZA","World Cup 2026","English","fail","FAIL_HTTP","931","403","www.sabcsport.com","3aa950c87a37ba5a","2026-09-30T07:51:11.250Z"
"SABC Sport","ZA","Public Sports","English","fail","FAIL_HTTP","532","403","www.sabcsport.com","3aa950c87a37ba5a","2026-09-30T07:51:44.087Z"
"Saudi Sports Company (SSC)","SA","World Cup 2026","Arabic","fail","FAIL_TLS","","","ssc.tv","f18927a9baaa9288","2026-09-30T07:51:01.623Z"
"SBA","SA","World Cup 2026","Arabic","fail","FAIL_TLS","","","www.sba.sa","b79f5777212936ee","2026-09-30T07:51:01.624Z"
"SIC Noticias Desporto","PT","Public Sports","Portuguese","fail","FAIL_HTTP","443","403","sicnoticias.pt","902b1fcb56c9d07b","2026-09-30T07:51:32.681Z"
"SNRT","MA","World Cup 2026","Arabic / French","fail","FAIL_HTTP","688","403","www.snrt.ma","247b924853f9f8bd","2026-09-30T07:50:54.151Z"
"Sony Sports Network","IN","Public Sports","English","fail","FAIL_HTTP","1492","403","www.sonysportsnetwork.com","5e4cae0fded4fcac","2026-09-30T07:51:40.145Z"
"Sport","ES","Public Sports","Spanish","fail","FAIL_HTTP","1061","406","www.sport.es","310c67ef00a89e97","2026-09-30T07:51:30.791Z"
"SporTV","BR","World Cup 2026","Portuguese","fail","FAIL_TIMEOUT","","","canaisglobo.globo.com","f843c9024d63b596","2026-09-30T07:50:25.839Z"
"SSC Sports","SA","Public Sports","Arabic","fail","FAIL_TLS","","","ssc.tv","f18927a9baaa9288","2026-09-30T07:51:46.744Z"
"Thairath Sport","TH","Public Sports","Thai","fail","FAIL_HTTP","500","403","www.thairath.co.th","ae9bc5a1c5f1b3d3","2026-09-30T07:51:50.010Z"
"TNT Sports","GB","Public Sports","English","fail","FAIL_HTTP","355","403","www.tntsports.co.uk","a32c76bbaeb94aac","2026-09-30T07:51:21.752Z"
"TNT Sports Argentina","AR","World Cup 2026","Spanish","fail","FAIL_HTTP","565","403","tntsports.com.ar","1efe9e2353dca85d","2026-09-30T07:50:23.370Z"
"TNT Sports Brasil","BR","Public Sports","Portuguese","fail","FAIL_HTTP","1056","403","tntsports.com.br","742fe807906dbcf0","2026-09-30T07:51:40.147Z"
"TNT Sports Chile","CL","World Cup 2026","Spanish","fail","FAIL_HTTP","652","403","tntsports.cl","bac74ae17a309a94","2026-09-30T07:50:32.842Z"
"TRT Spor","TR","Public Sports","Turkish","fail","FAIL_HTTP","475","403","www.trtspor.com.tr","72acc9263ddc7077","2026-09-30T07:51:46.742Z"
"True4U","TH","World Cup 2026","Thai","fail","FAIL_HTTP","283","403","true4u.com","0e82b29cdcfa1aeb","2026-09-30T07:51:08.624Z"
"TVA Sports","CA","World Cup 2026","French","fail","FAIL_TLS","","","www.tvasports.ca","cfe2178495ea1184","2026-09-30T07:50:32.840Z"
"TVNZ Sport","NZ","Public Sports","English","fail","FAIL_HTTP","1449","404","www.tvnz.co.nz","e126dfb3c77db696","2026-09-30T07:51:38.130Z"
"TVR","RO","World Cup 2026","Romanian","fail","FAIL_TIMEOUT","","","www.tvr.ro","8f75ea81365e1dc3","2026-09-30T07:51:01.621Z"
"Universo","US","World Cup 2026","Spanish","fail","FAIL_HTTP","743","404","www.telemundo.com","de6d5ae37b250bc8","2026-09-30T07:51:11.248Z"
"Viaplay","SE","World Cup 2026","Swedish","fail","FAIL_HTTP","1829","403","www.viaplay.se","20ce3316b93c1a50","2026-09-30T07:51:01.625Z"
"Virgin Media Sport","IE","Public Sports","English","fail","FAIL_HTTP","1100","500","www.virginmediatelevision.ie","7d3f7d725fa139b0","2026-09-30T07:51:28.751Z"
